{"cameraMode":{"drawMode":0,"name":"Shaded","section":"Shading Mode"},"sceneLighting":true,"audioPlay":false,"sceneViewState":{"m_AlwaysRefresh":false,"showFog":true,"showSkybox":true,"showFlares":true,"showImageEffects":true,"showParticleSystems":true,"showVisualEffectGraphs":true,"m_FxEnabled":true},"in2DMode":false,"pivot":{"x":-79.38912963867188,"y":0.9350013732910156,"z":-12.414434432983399},"rotation":{"x":0.07104890793561936,"y":-0.31693407893180849,"z":0.0238066166639328,"w":0.9455121159553528},"size":1.5317414999008179,"orthographic":true}