{"cameraMode":{"drawMode":0,"name":"Shaded","section":"Shading Mode"},"sceneLighting":true,"audioPlay":false,"sceneViewState":{"m_AlwaysRefresh":false,"showFog":true,"showSkybox":true,"showFlares":true,"showImageEffects":true,"showParticleSystems":true,"showVisualEffectGraphs":true,"m_FxEnabled":true},"in2DMode":false,"pivot":{"x":-216.3827667236328,"y":1.1357126235961915,"z":23.772357940673829},"rotation":{"x":-0.027349313721060754,"y":0.6772049069404602,"z":-0.025204118341207506,"w":-0.7348599433898926},"size":2.933460235595703,"orthographic":false}