{"cameraMode":{"drawMode":0,"name":"Shaded","section":"Shading Mode"},"sceneLighting":true,"audioPlay":false,"sceneViewState":{"m_AlwaysRefresh":false,"showFog":true,"showSkybox":true,"showFlares":true,"showImageEffects":true,"showParticleSystems":true,"showVisualEffectGraphs":true,"m_FxEnabled":true},"in2DMode":false,"pivot":{"x":2.3275885581970217,"y":3.0891730785369875,"z":21.32363510131836},"rotation":{"x":0.020496338605880739,"y":-0.8923707604408264,"z":0.040717482566833499,"w":0.4490312933921814},"size":6.770387649536133,"orthographic":true}