{"cameraMode":{"drawMode":0,"name":"Shaded","section":"Shading Mode"},"sceneLighting":true,"audioPlay":false,"sceneViewState":{"m_AlwaysRefresh":false,"showFog":true,"showSkybox":true,"showFlares":true,"showImageEffects":true,"showParticleSystems":true,"showVisualEffectGraphs":true,"m_FxEnabled":true},"in2DMode":false,"pivot":{"x":-38.24713897705078,"y":11.820197105407715,"z":29.623807907104493},"rotation":{"x":-0.010310612618923188,"y":-0.9812418818473816,"z":0.18464577198028565,"w":-0.05481540784239769},"size":7.721672534942627,"orthographic":true}