{"cameraMode":{"drawMode":0,"name":"Shaded","section":"Shading Mode"},"sceneLighting":true,"audioPlay":false,"sceneViewState":{"m_AlwaysRefresh":false,"showFog":true,"showSkybox":true,"showFlares":true,"showImageEffects":true,"showParticleSystems":true,"showVisualEffectGraphs":true,"m_FxEnabled":true},"in2DMode":false,"pivot":{"x":383.19696044921877,"y":144.9217071533203,"z":-678.4307861328125},"rotation":{"x":0.024232540279626848,"y":0.1760432869195938,"z":0.004193658009171486,"w":-0.9841564893722534},"size":1.1448816061019898,"orthographic":false}