{"cameraMode":{"drawMode":0,"name":"Shaded","section":"Shading Mode"},"sceneLighting":true,"audioPlay":false,"sceneViewState":{"m_AlwaysRefresh":false,"showFog":true,"showSkybox":true,"showFlares":true,"showImageEffects":true,"showParticleSystems":true,"showVisualEffectGraphs":true,"m_FxEnabled":true},"in2DMode":false,"pivot":{"x":-73.16685485839844,"y":1.9261434078216553,"z":-12.318438529968262},"rotation":{"x":-0.010611805133521557,"y":0.7021907567977905,"z":-0.010602850466966629,"w":-0.7118726372718811},"size":1.3212004899978638,"orthographic":false}