{"cameraMode":{"drawMode":0,"name":"Shaded","section":"Shading Mode"},"sceneLighting":true,"audioPlay":false,"sceneViewState":{"m_AlwaysRefresh":false,"showFog":true,"showSkybox":true,"showFlares":true,"showImageEffects":true,"showParticleSystems":true,"showVisualEffectGraphs":true,"m_FxEnabled":true},"in2DMode":false,"pivot":{"x":-30.039464950561525,"y":2.3492560386657717,"z":0.4623095989227295},"rotation":{"x":0.0013142405077815056,"y":-0.9974004626274109,"z":0.020966961979866029,"w":0.07013661414384842},"size":1.4909335374832154,"orthographic":false}