{"cameraMode":{"drawMode":0,"name":"Shaded","section":"Shading Mode"},"sceneLighting":true,"audioPlay":false,"sceneViewState":{"m_AlwaysRefresh":false,"showFog":true,"showSkybox":true,"showFlares":true,"showImageEffects":true,"showParticleSystems":true,"showVisualEffectGraphs":true,"m_FxEnabled":true},"in2DMode":false,"pivot":{"x":-61.77206039428711,"y":1.031856894493103,"z":-18.859176635742189},"rotation":{"x":0.022497449070215226,"y":0.013267548754811287,"z":0.0001833349815569818,"w":-0.9996881484985352},"size":1.2764476537704468,"orthographic":false}