{"cameraMode":{"drawMode":0,"name":"Shaded","section":"Shading Mode"},"sceneLighting":true,"audioPlay":false,"sceneViewState":{"m_AlwaysRefresh":false,"showFog":true,"showSkybox":true,"showFlares":true,"showImageEffects":true,"showParticleSystems":true,"showVisualEffectGraphs":true,"m_FxEnabled":true},"in2DMode":false,"pivot":{"x":-109.80738067626953,"y":15.195710182189942,"z":-60.29346466064453},"rotation":{"x":0.047896381467580798,"y":0.6504575610160828,"z":-0.040881745517253879,"w":0.7570393681526184},"size":0.8660252690315247,"orthographic":false}