{"cameraMode":{"drawMode":0,"name":"Shaded","section":"Shading Mode"},"sceneLighting":true,"audioPlay":false,"sceneViewState":{"m_AlwaysRefresh":false,"showFog":true,"showSkybox":true,"showFlares":true,"showImageEffects":true,"showParticleSystems":true,"showVisualEffectGraphs":true,"m_FxEnabled":true},"in2DMode":false,"pivot":{"x":304.9441223144531,"y":193.58389282226563,"z":44.709774017333987},"rotation":{"x":0.26008883118629458,"y":0.07810826599597931,"z":-0.021113401278853418,"w":0.9621898531913757},"size":283.3627624511719,"orthographic":true}