{"cameraMode":{"drawMode":0,"name":"Shaded","section":"Shading Mode"},"sceneLighting":true,"audioPlay":false,"sceneViewState":{"m_AlwaysRefresh":false,"showFog":true,"showSkybox":true,"showFlares":true,"showImageEffects":true,"showParticleSystems":true,"showVisualEffectGraphs":true,"m_FxEnabled":true},"in2DMode":false,"pivot":{"x":-28.64694595336914,"y":1.2798960208892823,"z":-21.951927185058595},"rotation":{"x":0.07884351909160614,"y":-0.7321814894676209,"z":0.08608748018741608,"w":0.6710696816444397},"size":1.5643842220306397,"orthographic":false}